file_name,event_id
W/w8553_64061.gif,1
W/q8143_42248.gif,2
W/q8143_85316.gif,3
Z/m8692_4954.gif,4
W/w8549_51030.gif,5
W/q8145_40359.gif,6
W/w8557_17549.gif,7
W/q8149_150100.gif,8
W/q8149_53678.gif,9
W/w8752_100498.gif,10
Z/t8664_2440.gif,11
W/q8479_71117.gif,12
W/q8164_107373.gif,13
Z/e8664_32123.gif,14
W/l8324_106801.gif,15
W/q8168_70863.gif,16
Z/q8664_12105.gif,17
W/q8202_58586.gif,18
W/w8470_62743.gif,19
W/q8212_30156.gif,20
Z/e8664_10444.gif,21
W/w8704_19338.gif,22
W/q8217_73169.gif,23
Z/t8664_4071end.gif,24
Z/t8664_4071side.gif,24
W/q8221_26735.gif,25
W/l5400_11535.gif,26
W/w8470_108294.gif,27
W/q8254_11788.gif,28
W/w8475_33312.gif,29
W/q8259_55291.gif,30
Z/m8702_3780end.gif,31
Z/m8702_3780side.gif,31
W/q8268_22980.gif,32
W/l8296_58729.gif,33
W/q8272_41319.gif,34
Z/q8664_20718.gif,35
W/w8404_100139.gif,36
W/q8282_24743.gif,37
W/q8284_48533.gif,38
W/w8402_105786.gif,39
Z/t8664_2443.gif,40
W/q8288_52344.gif,41
W/l8450_42026.gif,42
W/q8290_31428.gif,43
W/w8679_27695.gif,44
W/w8685_10716.gif,45
W/q8292_93979.gif,46
W/q8294_24206.gif,47
Z/q8664_25460.gif,48
W/l8324_73400.gif,49
W/q8298_16149.gif,50
W/w8473_55362.gif,51
W/q8302_32154.gif,52
Z/t8664_4859end.gif,53
Z/t8664_4859side.gif,53
W/q8302_36833.gif,54
W/q8304_58371.gif,55
Z/m8692_29843.gif,56
W/q8318_27577.gif,57
W/w8466_53513.gif,58
W/q8322_28553.gif,59
W/q8322_75010.gif,60
W/q8322_7710.gif,61
Z/q8664_26054.gif,62
Z/q8664_27321.gif,63
W/q8387_155452.gif,64
Z/m8734_82340.gif,65
W/q8402_100809.gif,66
W/q8402_139593.gif,67
Z/q8664_31101.gif,68
W/q8402_76667.gif,69
W/q8402_79913.gif,70
Z/t8664_4438.gif,71
W/q8402_96872.gif,72
W/q8404_132137.gif,73
W/l8292_4142.gif,74
Z/t8664_5036.gif,75
W/q8413_39338.gif,76
W/q8420_162844.gif,77
W/w8288_68602.gif,78
W/w8294_26171.gif,79
W/q8420_167801.gif,80
Z/q8664_31448.gif,81
W/q8422_118327.gif,82
W/w8324_115507.gif,83
W/q8424_83574.gif,84
W/q8426_45458.gif,85
Z/m8734_89043.gif,86
W/w8324_82678.gif,87
W/q8428_103831.gif,88
W/q8428_62054.gif,89
W/l8428_94111.gif,90
W/q8430_54542.gif,91
W/w8168_153008.gif,92
W/q8430_81426.gif,93
q8664_32971.gif,94
W/w8523_69970.gif,95
q8664_42259.gif,96
W/q8435_16180.gif,97
W/q8435_65635.gif,98
Z/t8664_4257end.gif,99
Z/t8664_4257side.gif,99
W/q8435_67624.gif,100
W/q8435_71907.gif,101
W/l8448_47480.gif,102
Z/q8664_46052.gif,103
W/l8417_25995.gif,104
W/q8437_61296.gif,105
W/q8440_65028.gif,106
Z/m8712_46118.gif,107
W/q8442_117032.gif,108
W/w8820_45090.gif,109
W/w8420_44083.gif,110
W/q8442_55951.gif,111
Z/q8664_43714.gif,112
W/l8322_28530.gif,113
W/w8420_81360.gif,114
W/q8448_100205.gif,115
W/q8448_10798.gif,116
Z/m8696_51611.gif,117
W/q8448_17965.gif,118
W/q8453_21228.gif,119
Z/q8664_49444.gif,120
Z/m8685_137709.gif,121
W/q8455_32030.gif,122
W/q8455_79401.gif,123
W/w8541_37993.gif,124
W/w8420_99162.gif,125
W/q8455_83405.gif,126
W/q8457_110434.gif,127
Z/t8664_4574.gif,128
W/q8464_44872.gif,129
Z/m8685_47728.gif,130
W/q8464_63404.gif,131
W/q8470_108614.gif,132
W/q8470_69013.gif,133
Z/t8664_3092end.gif,134
Z/t8664_3092side.gif,134
W/q8473_19757.gif,135
Z/m8666_67273.gif,136
W/q8473_67670.gif,137
W/l8402_95852.gif,138
Z/q8664_60738.gif,139
W/w8318_28443.gif,140
W/q8479_52290.gif,141
Z/e8664_11228.gif,142
W/q8481_75192.gif,143
W/q8504_33027.gif,144
Z/t8664_3211end.gif,145
Z/t8664_3211side.gif,145
W/q8504_42424.gif,146
W/w8435_152979.gif,147
Z/q8664_60864.gif,148
Z/m8666_28809.gif,149
W/w8822_60581.gif,150
W/q8515_38885.gif,151
W/q8515_9976.gif,152
W/w8442_79676.gif,153
W/w8424_47481.gif,154
W/l8446_73970.gif,155
W/w8413_127995.gif,156
Z/q8664_61772.gif,157
W/q8523_127644.gif,158
W/q8523_53918.gif,159
Z/t8664_3350end.gif,160
Z/t8664_3350side.gif,160
W/q8523_65027.gif,161
W/l8324_9783.gif,162
W/q8541_39739.gif,163
W/q8549_21933.gif,164
Z/e8664_8402.gif,165
W/w8450_27308.gif,166
W/l8430_14700.gif,167
Z/q8664_8958.gif,168
W/w8740_33653.gif,169
W/q8553_56370.gif,170
Z/t8664_3049end.gif,171
Z/t8664_3049side.gif,171
W/q8553_93338.gif,172
W/q8555_73087.gif,173
W/w8727_59451.gif,174
W/q8557_85537.gif,175
W/q8559_43832.gif,176
W/w8889_23864.gif,177
Z/q8664_9039.gif,178
W/q8561_40288.gif,179
W/l8428_32647.gif,180
W/q8666_65959.gif,181
W/w8725_15071.gif,182
W/q8666_87485.gif,183
W/q8675_7120.gif,184
Z/q8664_9144.gif,185
W/w8757_62883.gif,186
Z/q8666_15084.gif,187
W/w8820_46195.gif,188
W/q8689_52795.gif,189
W/q8692_4366.gif,190
W/w8561_38886.gif,191
W/q8694_43511.gif,192
Z/q8666_28636.gif,193
W/q8702_39857.gif,194
W/w8867_68196.gif,195
W/q8704_6433.gif,196
W/q8712_56218.gif,197
Z/m8694_56705.gif,198
W/q8717_23820.gif,199
W/w8284_28382.gif,200
W/w8883_35082.gif,201
W/q8723_15726.gif,202
W/q8723_24453.gif,203
Z/q8666_35158.gif,204
W/w8141_10785.gif,205
W/q8725_21468.gif,206
Z/t8664_4892.gif,207
W/w8254_2964.gif,208
W/q8727_46369.gif,209
W/w8810_79038.gif,210
W/l8400_11535.gif,211
W/w8734_75461.gif,212
Z/q8666_38976.gif,213
Z/q8666_45617.gif,214
W/w8259_37677.gif,215
W/q8727_85879.gif,216
W/w8820_62050.gif,217
W/q8734_87012.gif,218
Z/e8664_38774.gif,219
W/w8199_115966.gif,220
W/q8740_13754.gif,221
W/l8428_44370.gif,222
W/q8740_48880.gif,2231
Z/q8666_46344.gif,224
W/w8798_8766.gif,225
W/q8744_14867.gif,226
W/w8138_172786.gif,227
W/w8138_92726.gif,228
W/q8727_94267.gif,229
Z/q8666_49710.gif,230
W/w8164_104801.gif,231
Z/t8664_3686.gif,232
W/w8168_97227.gif,233
W/q8727_85662.gif,234
W/w8208_112431.gif,235
Z/e8664_24511.gif,236
W/w8217_70239.gif,237
W/q8723_58971.gif,238
W/q8723_60671.gif,239
W/w8217_84288.gif,240
W/w8217_94688.gif,241
W/q8186_18464.gif,242
Z/q8666_52464.gif,243
W/w8256_46901.gif,244
W/q8721_15594.gif,245
W/w8260_8652.gif,246
W/w8282_7643.gif,247
W/q8698_10899.gif,248
Z/m8698_7588.gif,249
W/w8284_50993.gif,250
W/q8159_69216.gif,251
Z/q8666_61914.gif,252
W/q8159_70998.gif,253
W/w8294_27201.gif,254
W/w8294_7847.gif,255
W/w8296_40820.gif,256
Z/t8664_3582.gif,257
W/q8457_43799.gif,258
Z/q8666_75039.gif,259
W/q8464_41804.gif,260
W/w8296_59940.gif,261
W/w8298_78987.gif,262
W/w8302_19761.gif,263
W/q8740_78568.gif,264
Z/e8664_31330.gif,265
W/w8306_28637.gif,266
Z/t8664_3210end.gif,267
Z/t8664_3210side.gif,267
W/w8306_62477.gif,268
W/q8702_12072.gif,269
W/w8320_31773.gif,270
W/w8320_4004.gif,271
Z/q8666_76600.gif,272
W/l8393_10512.gif,273
W/w8328_50146.gif,274
W/q8420_95515.gif,275
W/q8422_102612.gif,276
W/w8393_89872.gif,277
Z/m8691_21942.gif,278
W/q8437_90049.gif,279
W/q8440_138821.gif,280
W/w8418_129785.gif,281
W/q8442_75557.gif,282
Z/q8666_80115.gif,283
W/w8420_44934.gif,284
W/q8734_93151.gif,285
W/w8422_11005.gif,286
W/q8446_24694.gif,287
W/w8422_80387.gif,288
Z/t8664_3407end.gif,289
Z/t8664_3407side.gif,289
W/w8428_47333.gif,290
W/w8430_129033.gif,291
W/w8435_22837.gif,292
W/q8519_66081.gif,293
Z/q8666_80161.gif,294
W/w8437_52630.gif,295
W/w8440_20761.gif,296
W/q8477_98020.gif,297
Z/q8666_80257.gif,298
W/w8448_62232.gif,299
W/w8448_6532.gif,300
Z/m8679_39694.gif,301
W/w8448_88043.gif,302
W/q8551_39186.gif,303
W/w8455_55674.gif,304
Z/m8702_8738end.gif,305
Z/m8702_8738side.gif,305
W/w8464_14252.gif,306
W/w8464_30051.gif,307
W/w8468_111860.gif,308
Z/e8664_32552.gif,309
W/w8468_48025.gif,310
W/q8559_5615.gif,311
Z/m8723_38944.gif,312
W/w8506_110088.gif,313
W/w8506_39092.gif,314
W/w8506_6740.gif,315
W/w8506_96075.gif,316
Z/q8666_87264.gif,317
W/q8164_50187.gif,318
W/l8712_82965.gif,319
W/w8517_8050.gif,320
W/w8519_29290.gif,321
q8666_88935.gif,322
Z/e8664_29985.gif,323
W/w8545_73909.gif,324
Z/m8698_31558.gif,325
W/w8545_97948.gif,326
W/l8437_52551.gif,327
W/w8547_32267.gif,328
W/q8217_76914.gif,329
W/w8547_95302.gif,330
W/w8549_3742.gif,331
Z/q8666_91608.gif,332
Z/t8664_3953.gif,333
W/q8149_90273.gif,334
W/w8557_42512.gif,335
W/w8561_38385.gif,336
Z/m8694_8505.gif,337
W/q8221_28627.gif,338
W/q8223_22530.gif,339
W/w8668_53276.gif,340
W/w8675_8602.gif,341
Z/q8666_94121.gif,342
W/q8543_21670.gif,343
W/w8679_25294.gif,344
W/l8437_70211.gif,345
W/w8685_23386.gif,346
W/w8685_54795.gif,347
Z/e8664_25303.gif,348
W/w8685_86203.gif,349
W/q8326_98649.gif,350
Z/q8668_10364.gif,351
W/l8437_60629.gif,352
W/q8328_22600.gif,353
W/w8698_28999.gif,354
W/w8702_48760.gif,355
W/q8557_43091.gif,356
W/w8717_9017.gif,357
Z/q8668_14783.gif,358
W/q8551_18418.gif,359
Z/q8668_20089.gif,360
W/w8734_4212.gif,361
W/w8738_36609.gif,362
W/q8685_33806.gif,363
W/l8402_170910.gif,364
W/w8738_69655.gif,365
Z/q8668_20358.gif,366
W/w8740_4437.gif,367
W/q8393_110317.gif,368
W/w8742_45805.gif,369
W/w8748_33494.gif,370
W/q8393_6168.gif,371
Z/e8664_21784.gif,372
W/q8326_58931.gif,373
Z/e8664_17575.gif,374
W/q8328_25708.gif,375
W/w8752_29797.gif,376
W/w8755_44735.gif,377
Z/q8668_20538.gif,378
W/w8685_3373.gif,379
W/l8430_19836.gif,380
W/w8757_47779.gif,381
W/q8204_101240.gif,382
W/q8208_49243.gif,383
W/w8765_4455.gif,384
W/w8765_52412.gif,385
Z/q8668_2134.gif,386
W/w8765_70791.gif,387
Z/q8668_5228.gif,388
W/w8773_23551.gif,389
W/w8812_35659.gif,390
W/w8822_2097.gif,391
W/w8824_23114.gif,392
W/l8393_110911.gif,393
W/w8840_14785.gif,394
Z/t8664_2934.gif,395
W/q8555_40752.gif,396
W/w8883_27209.gif,397
W/l8430_16870.gif,398
W/w8885_50035.gif,399
W/q8704_41044.gif,400
W/w8889_32999.gif,401
W/w8889_5178.gif,402
Z/m8694_30753.gif,403
W/w8396_86705.gif,404
W/q8475_36159.gif,405
W/q8515_23836.gif,406
W/w8413_36352.gif,407
Z/q8664_63955.gif,408
W/q8549_48684.gif,409
Z/m8694_44636.gif,410
W/q8559_7699.gif,411
Z/e8664_11236.gif,412
W/q8420_67821.gif,413
W/q8326_30467.gif,414
Z/t8664_4721.gif,415
W/q8430_98327.gif,416
Z/t8664_4729.gif,417
W/q8437_25037.gif,418
W/w8545_57651.gif,419
W/q8453_41122.gif,420
W/q8677_55867.gif,421
Z/q8666_22256.gif,422
W/q8685_74338.gif,423
W/w8304_59771.gif,424
Z/m8685_48850.gif,425
W/q8727_67092.gif,426
W/q8740_75728.gif,427
W/w8143_39377.gif,428
W/q8197_38800.gif,429
Z/m8692_20555.gif,430
W/q8457_58955.gif,431
Z/e8664_17064.gif,432
W/w8326_16350.gif,433
W/w8420_123027.gif,434
W/q8521_87503.gif,435
W/w8444_31669.gif,436
Z/t8664_4029.gif,437
W/w8517_14923.gif,438
W/w8523_10417.gif,439
W/w8677_15850.gif,440
Z/m8666_39729.gif,441
Z/q8666_97824.gif,442
W/w8692_21292.gif,443
Z/q8668_13616.gif,444
W/w8721_27363.gif,445
W/w8727_73846.gif,446
W/q8208_52554.gif,447
W/q8202_90169.gif,448
Z/t8664_3476.gif,449
W/q8689_16789.gif,450
W/l8280_61600.gif,451
W/w8135_23329.gif,452
W/w8135_71960.gif,453
W/w8149_102828.gif,454
W/w8159_68962.gif,455
Z/q8668_7087.gif,456
W/w8260_31002.gif,457
W/w8264_40890.gif,458
W/q8413_127452.gif,459
W/w8268_27529.gif,460
W/l8282_60724.gif,461
W/w8298_5916.gif,462
W/q8727_66552.gif,463
Z/q8668_9011.gif,464
W/w8517_67340.gif,465
W/w8278_14838.gif,466
W/w8282_55012.gif,467
W/q8424_5881.gif,468
W/w8284_40628.gif,469
W/w8288_28815.gif,470
W/w8294_83759.gif,471
W/w8326_68859.gif,472
W/w8387_52970.gif,473
W/q8426_45478.gif,474
W/q8442_25936.gif,475
Z/q8664_59939.gif,476
W/q8446_51448.gif,477
W/q8523_116060.gif,478
W/w8424_63478.gif,479
